start,accurate,not accurate,epsilon,percentage
1,109.54907576059234,109.54451150103323,0.004564259559117545,0.004166406268084124
10000001,10005999.20107937,346410.1788342831,9659589.022245087,96.53797514997888
20000001,20006000.100269943,489897.9608040842,19516102.13946586,97.55124483480597
30000001,30006000.40011999,600000.0099999999,29406000.39011999,98.00039991335332
40000001,40006000.5500675,692820.3316878049,39313180.21837969,98.26820896325104
50000001,50006000.6400432,774596.67698745,49231403.96305575,98.45099254674813
60000001,60006000.70003,848528.1444949248,59157472.55553507,98.58592784955505
70000001,70006000.74287918,916515.1455377047,69089485.59734148,98.69080487985035
80000001,80006000.77501687,979795.9032369956,79026204.87177987,98.7753469817942
90000001,90006000.80001333,1039230.490314829,88966770.3096985,98.84537644037322
100000001,100006000.8200108,1095445.1204875577,98910555.69952324,98.904620611258
110000001,110006000.83637255,1148912.5345299353,108857088.30184262,98.955591035221
120000001,120006000.85000749,1200000.005,118806000.8450075,99.00005000041637
130000001,130006000.86154485,1248999.6044835243,128757001.25706132,99.0392754209756
140000001,140006000.8714341,1296148.1443106725,138709852.7271234,99.07421957898724
150000001,150006000.8800048,1341640.7909720098,148664360.08903277,99.1056085869223
160000001,160006000.88750422,1385640.650385229,158620360.237119,99.13400707304757
170000001,170006000.89412138,1428285.6899094102,168577715.20421198,99.15986160347427
180000001,180006000.90000334,1469693.8497523898,178536307.05025095,99.18353063653204
190000001,190006000.90526614,1509966.891027747,188496034.0142384,99.20530568306599
200000001,200006000.9100027,1549193.34235595,198456807.56764677,99.22542656954927
210000001,210006000.91428816,1587450.790418399,208418550.12386978,99.24409265282553
220000001,220006000.91818404,1624807.6846199369,218381193.2335641,99.2614711972224
230000001,230006000.92174116,1661324.7761951906,228344676.14554596,99.2777037253213
240000001,240006000.92500186,1697056.278383248,238308944.6466186,99.29291089729311
250000001,250006000.92800173,1732050.8110329788,248273950.11696875,99.30719630544716
260000001,260006000.9307708,1766352.1766624004,258239648.75410843,99.32064945795898
270000001,270006000.9333348,1800000.0033333334,268206000.9300015,99.33334814888882
280000001,280006000.9357157,1833030.2812556045,278172970.6544601,99.34536035830303
290000001,290006000.9379323,1865475.8138341005,288140525.12409824,99.35674578877651
300000001,300006000.9400012,1897366.5992633053,298108634.3407379,99.36755711775153
310000001,310006000.9419366,1928730.1553094462,308077270.7866272,99.37784102583528
320000001,320006000.94375104,1959591.7972884045,318046409.1464626,99.38763904692122
330000001,330006000.94545555,1989974.8772283534,328016026.0682272,99.39698827550797
340000001,340006000.94705975,2019900.9906428582,337986099.9564169,99.40592195872526
350000001,350006000.94857234,2049390.15611962,347956610.7924527,99.41446999463854
360000001,360006000.9500008,2078460.971969404,357927539.9780314,99.42265935387613
370000001,370006000.9513521,2107130.753418022,367898870.1979341,99.43051443814419
380000001,380006000.9526323,2135415.6532160197,377870585.2994163,99.43805738649843
390000001,390006000.9538469,2163330.7680518944,387842670.18579495,99.44530833813813
400000001,400006000.9550007,2190890.2327592773,397815110.7222414,99.45228565883296
410000001,410006000.9560982,2218107.303986892,407787893.6521113,99.45900613678471
420000001,420006000.9571435,2244994.4347369773,417761006.5224065,99.46548515268331
430000001,430006000.95814013,2271563.3409614624,427734437.6171787,99.47173682788149
440000001,440006000.9590915,2297825.0612263763,437708175.8978651,99.47777415393932
450000001,450006000.9600005,2323790.010306439,447682210.9496941,99.48360910624547
460000001,460006000.9608701,2349468.0274479156,457656532.93342215,99.48925274397719
470000001,470006000.96170264,2374868.419934039,467631132.5417686,99.49471529829945
480000001,480006000.96250045,2400000.0025,477606000.96000046,99.50000625040363
490000001,490006000.9632658,2424871.1330707865,487581129.830195,99.50513440074124
500000001,500006000.9640004,2449489.745232668,497556511.21876776,99.51010793060281
510000001,510006000.9647063,2473863.3777959524,507532137.58691037,99.51493445702276
520000001,520006000.965385,2497999.2017612816,517508001.7636237,99.51962108184831
530000001,530006000.9660381,2521904.044962853,527484096.9210752,99.524174435692
540000001,540006000.966667,2545584.4146285937,537460416.5520384,99.52860071738615
550000001,550006000.9672731,2569046.5180685227,547436954.4492046,99.53290572947378
560000001,560006000.9678575,2592296.2816776945,557413704.6861798,99.53709491019784
570000001,570006000.9684215,2615339.3684185613,567390661.6000029,99.54117336239001
580000001,580006000.9689659,2638181.193928878,577367819.775037,99.54514587960789
590000001,590006000.9694918,2660826.941384952,587345174.0281069,99.54901696982527
600000001,600006000.9700003,2683281.5752358157,597322719.3947644,99.55279087694157
610000001,610006000.9704921,2705549.8539114003,607300451.1165807,99.55647160034377
620000001,620006000.970968,2727636.341596878,617278364.6293712,99.56006291272581
630000001,630006000.9714289,2749545.419155683,627256455.5522732,99.56356837634624
640000001,640006000.9718753,2771281.294275267,637234719.6776,99.56699135788305
650000001,650006000.9723079,2792848.010902133,647213152.9614058,99.57033504202661
660000001,660006000.9727275,2814249.458026065,657191751.5147015,99.5736024439356
670000001,670006000.9731346,2835489.377867602,667170511.595267,99.5767964206665
680000001,680006000.9735297,2856571.3735175603,677149429.6000122,99.57991968167518
690000001,690006000.9739133,2877498.916072776,687128502.0578406,99.58297479847839
700000001,700006000.974286,2898275.3513080846,697107725.6229779,99.58596421355328
710000001,710006000.9746481,2918903.905920851,707087097.0687273,99.58889024854523
720000001,720006000.9750003,2939387.6933810553,717066613.2816192,99.5917551118462
730000001,730006000.9753426,2959729.7194169606,727046271.2559257,99.59456090560043
740000001,740006000.975676,2979932.887163736,737026068.0885122,99.59730963218747
750000001,750006000.9760002,3000000.002,747006000.9740002,99.60000320022826
760000001,760006000.976316,3019933.7760950984,756986067.2002208,99.60264343015507
770000001,770006000.9766235,3039736.832687988,766966264.1439356,99.60523205938232
780000001,780006000.9769232,3059411.710116832,776946589.2668064,99.60777074711154
790000001,790006000.9772154,3078960.86561684,786927040.1115986,99.6102610788009
800000001,800006000.9775002,3098386.6789024253,796907614.2985978,99.61270457032614
810000001,810006000.977778,3117691.45554848,806888309.5222294,99.6151026718586
820000001,820006000.9780489,3136877.4301843545,816869123.5478646,99.6174567714818
830000001,830006000.9783134,3155946.769513073,826850054.2088003,99.61976819856805
840000001,840006000.9785717,3174901.575167331,836831099.4034044,99.62203822693306
850000001,850006000.9788237,3193743.8864129353,846812257.0924107,99.6242680777859
860000001,860006000.97907,3212475.6827095207,856793525.2963604,99.6264589224898
870000001,870006000.9793105,3231098.886137656,866774902.0931729,99.62861188514786
880000001,880006000.9795456,3249615.3637007563,876756385.6158448,99.63072804502656
890000001,890006000.9797754,3268026.9295096085,886737974.0502658,99.6328084388294
900000001,900006000.9800001,3286335.3468567384,896719665.6331434,99.63485406283088
910000001,910006000.98022,3304542.330187344,906701458.6500326,99.63686587488128
920000001,920006000.9804349,3322649.5469730175,916683351.4334619,99.63884479629131
930000001,930006000.9806453,3340658.619494066,926665342.3611512,99.64079171360491
940000001,940006000.9808512,3358571.1265358073,936647429.8543154,99.64270748026807
950000001,950006000.9810528,3376388.605003873,946629612.3760489,99.64459291820083
960000001,960006000.9812502,3394112.551463195,956611888.4297869,99.64644881927883
970000001,970006000.9814434,3411744.423605027,966594256.5578383,99.64827594673093
980000001,980006000.9816328,3429285.641646085,976576715.3399868,99.65007503645784
990000001,990006000.9818183,3446737.5896635936,986559263.3921547,99.65184679827745
1000000001,1000006000.9820001,3464101.6168698054,996541899.3651303,99.65359191710169
1010000001,1010006000.9821783,3481379.038829297,1006524621.943349,99.6553110540488
1020000001,1020006000.9823531,3498571.138622166,1016507429.8437309,99.65700484749573
1030000001,1030006000.9825244,3515679.1679560295,1026490321.8145684,99.65867391407406
1040000001,1040006000.9826925,3532704.3482295545,1036473296.634463,99.66031884961323
1050000001,1050006000.9828572,3549647.871550078,1046456353.1113071,99.66194023003416
1060000001,1060006000.983019,3566510.901707718,1056439490.0813112,99.66353861219652
1070000001,1070006000.9831777,3583294.5751082203,1066422706.4080695,99.66511453470208
1080000001,1080006000.9833333,3600000.0016666665,1076406000.9816666,99.6666685186574
1090000001,1090006000.9834864,3616628.2656640285,1086389372.7178223,99.6682010683977
1100000001,1100006000.9836364,3633180.4265684355,1096372820.5570679,99.66971267217455
1110000001,1110006000.983784,3649657.5198229216,1106356343.4639611,99.67120380280934
1120000001,1120006000.9839287,3666060.557601306,1116339940.4263275,99.67267491831467
1130000001,1130006000.9840708,3682390.52953377,1126323610.454537,99.67412646248542
1140000001,1140006000.9842107,3698648.4034036,1136307352.5808072,99.6755588654612
1150000001,1150006000.9843478,3714835.1258164877,1146291165.8585312,99.67697254426177
1160000001,1160006000.9844828,3730951.622843695,1156275049.361639,99.67836790329729
1170000001,1170006000.9846156,3746998.8006403204,1166259002.1839752,99.67974533485409
1180000001,1180006000.9847457,3762977.546039838,1176243023.438706,99.68110521955825
1190000001,1190006000.984874,3778888.727126005,1186227112.257748,99.68244792681729
1200000001,1200006000.9850001,3794733.193783194,1196211267.7912169,99.68377381524188
1210000001,1210006000.985124,3810511.778226122,1206195489.206898,99.6850832330481
1220000001,1220006000.985246,3826225.2955099232,1216179775.6897361,99.68637651844172
1230000001,1230006000.9853659,3841874.5440214467,1226164126.4413445,99.68765399998507
1240000001,1240006000.985484,3857460.3059526095,1236148540.6795313,99.68891599694784
1250000001,1250006000.9856,3872983.3477566103,1246133017.6378434,99.69016281964224
1260000001,1260006000.9857144,3888444.4205877497,1256117556.5651267,99.6913947697435
1270000001,1270006000.985827,3903844.2607255736,1266102156.7251015,99.69261214059657
1280000001,1280006000.9859376,3919183.589984016,1276086817.3959537,99.69381521750952
1290000001,1290006000.9860466,3934463.116106186,1286071537.8699403,99.69500427803445
1300000001,1300006000.9861538,3949683.533145409,1296056317.4530084,99.69617959223656
1310000001,1310006000.9862597,3964845.5218331018,1306041155.4644265,99.69734142295164
1320000001,1320006000.9863636,3979949.7499340368,1316026051.2364297,99.69849002603321
1330000001,1330006000.9864662,3994996.872589514,1326011004.1138766,99.69962565058907
1340000001,1340006000.9865673,4009987.5326489485,1335996013.4539182,99.70074853920828
1350000001,1350006000.9866667,4024922.3609903334,1345981078.6256764,99.70185892817895
1360000001,1360006000.9867647,4039801.9768300527,1355966199.0099347,99.70295704769693
1370000001,1370006000.9868615,4054626.9880224494,1365951373.998839,99.70404312206648
1380000001,1380006000.9869566,4069397.99134958,1375936602.995607,99.70511736989265
1390000001,1390006000.9870505,4084115.5728015336,1385921885.414249,99.70618000426606
1400000001,1400006000.987143,4098780.3078476894,1395907220.6792953,99.7072312329406
1410000001,1410006000.987234,4113392.7616992765,1405892608.225535,99.70827125850393
1420000001,1420006000.987324,4127953.4895635634,1415878047.4977605,99.70930027854155
1430000001,1430006000.9874127,4142463.0368900094,1425863537.9505227,99.71031848579449
1440000001,1440006000.9875,4156921.939608681,1435849079.0478914,99.71132606831097
1450000001,1450006000.9875863,4171330.724361232,1445834670.263225,99.71232320959223
1460000001,1460006000.9876714,4185689.9087247252,1455820311.0789466,99.71331008873298
1470000001,1470006000.987755,4200000.0014285715,1465806000.9863265,99.71428688055651
1480000001,1480006000.9878378,4214261.502564833,1475791739.485273,99.71525375574477
1490000001,1490006000.9879196,4228474.903792147,1485777526.0841274,99.71621088096366
1500000001,1500006000.9880002,4242640.688533499,1495763360.2994666,99.71715841898371
1510000001,1510006000.9880795,4256759.332168075,1505749241.6559114,99.7180965287964
1520000001,1520006000.9881577,4270831.302217403,1515735169.6859403,99.71902536572613
1530000001,1530006000.9882352,4284857.05852599,1525721143.9297092,99.71994508153834
1540000001,1540006000.9883118,4298837.053436662,1535707163.934875,99.72085582454368
1550000001,1550006000.988387,4312771.731960782,1545693229.2564263,99.72175773969838
1560000001,1560006000.9884615,4326661.531943537,1555679339.456518,99.72265096870126
1570000001,1570006000.9885352,4340506.884224468,1565665494.1043108,99.72353565008724
1580000001,1580006000.9886076,4354308.212793394,1575651692.7758143,99.72441191931748
1590000001,1590006000.9886794,4368065.934941917,1585637935.0537374,99.72527990886664
1600000001,1600006000.98875,4381780.461410635,1595624220.5273395,99.72613974830702
1610000001,1610006000.9888198,4395452.196532229,1605610548.7922876,99.72699156438965
1620000001,1620006000.988889,4409081.538370548,1615596919.4505184,99.72783548112297
1630000001,1630006000.9889572,4422668.878855843,1625583332.1101012,99.72867161984847
1640000001,1640006000.9890244,4436214.603916272,1635569786.3851082,99.72950009931422
1650000001,1650006000.989091,4449719.093605798,1645556281.8954852,99.73032103574542
1660000001,1660006000.9891565,4463182.722228612,1655542818.266928,99.73113454291315
1670000001,1670006000.9892216,4476605.8584601795,1665529395.1307614,99.73194073220046
1680000001,1680006000.9892857,4489988.865465036,1675516012.1238208,99.73273971266644
1690000001,1690006000.9893491,4503332.101011428,1685502668.8883376,99.73353159110825
1700000001,1700006000.9894118,4516635.917582909,1695489365.0718288,99.73431647212102
1710000001,1710006000.9894738,4529900.6624869825,1705476100.3269868,99.73509445815594
1720000001,1720006000.9895349,4543126.677960895,1715462874.311574,99.73586564957638
1730000001,1730006000.9895954,4556314.301274661,1725449686.6883206,99.73663014471231
1740000001,1740006000.9896553,4569463.864831409,1735436537.1248238,99.73738803991293
1750000001,1750006000.9897144,4582575.696265147,1745423425.2934492,99.73813942959775
1760000001,1760006000.9897728,4595650.118536006,1755410350.8712368,99.73888440630591
1770000001,1770006000.9898305,4608687.450023054,1765397313.5398076,99.73962306074411
1780000001,1780006000.9898877,4621688.004614764,1775384312.985273,99.74035548183295
1790000001,1790006000.9899442,4634652.091797182,1785371348.898147,99.741081756752
1800000001,1800006000.99,4647580.016739895,1795358420.9732602,99.74180197098322
1810000001,1810006000.9900553,4660472.080379841,1805345528.9096756,99.74251620835342
1820000001,1820006000.99011,4673328.57950305,1815332672.4106069,99.74322455107507
1830000001,1830006000.990164,4686149.806824361,1825319851.1833396,99.74392707978613
1840000001,1840006000.9902174,4698936.051065177,1835307064.9391522,99.74462387358865
1850000001,1850006000.9902704,4711687.597029327,1845294313.3932412,99.74531501008606
1860000001,1860006000.9903226,4724404.725677088,1855281596.2646456,99.74600056541959
1870000001,1870006000.9903743,4737087.714197406,1865268913.276177,99.74668061430346
1880000001,1880006000.9904256,4749736.836078395,1875256264.1543472,99.74735523005904
1890000001,1890006000.9904761,4762352.361176144,1885243648.6292999,99.74802448464817
1900000001,1900006000.9905262,4774934.555781891,1895231066.4347444,99.7486884487053
1910000001,1910006000.990576,4787483.682687597,1905218517.3078885,99.74934719156879
1920000001,1920006000.990625,4800000.00125,1915206000.9893749,99.75000078131144
1930000001,1930006000.9906735,4812483.767453143,1925193517.2232203,99.75064928476995
1940000001,1940006000.9907217,4824935.233969468,1935181065.7567523,99.75129276757363
1950000001,1950006000.9907694,4837354.650219477,1945168646.34055,99.75193129417235
1960000001,1960006000.9908164,4849742.2624300355,1955156258.7283864,99.75256492786357
1970000001,1970006000.990863,4862098.313691323,1965143902.6771717,99.75319373081881
1980000001,1980006000.990909,4874423.044012492,1975131577.9468966,99.75381776410914
1990000001,1990006000.9909549,4886716.690376065,1985119284.3005788,99.75443708773025
2000000001,2000006000.991,4898979.486791101,1995107021.5042088,99.75505176062653
2010000001,2010006000.9910448,4911211.664345165,2005094789.3266995,99.75566184071471
2020000001,2020006000.991089,4923413.451255135,2015082587.539834,99.7562673849068
2030000001,2030006000.991133,4935585.072916888,2025070415.918216,99.75686844913231
2040000001,2040006000.9911764,4947726.751953871,2035058274.2392225,99.75746508836004
2050000001,2050006000.9912195,4959838.708264614,2045046162.282955,99.75805735661913
2060000001,2060006000.9912622,4971921.159069198,2055034079.832193,99.75864530701965
2070000001,2070006000.9913044,4983974.318954703,2065022026.6723497,99.75922899177259
2080000001,2080006000.9913461,4995998.399919679,2075010002.5914264,99.7598084622093
2090000001,2090006000.9913876,5007993.61141765,2084998007.37997,99.76038376880057
2100000001,2100006000.9914286,5019960.160399682,2094986040.831029,99.76095496117489
2110000001,2110006000.9914691,5031898.251356043,2104974102.740113,99.76152208813663
2120000001,2120006000.9915094,5043808.086356974,2114962192.9051526,99.7620851976835
2130000001,2130006000.9915493,5055689.865092597,2124950311.1264567,99.76264433702352
2140000001,2140006000.9915888,5067543.784911976,2134938457.206677,99.76319955259173
2150000001,2150006000.9916277,5079370.040861366,2144926630.9507663,99.76375089006642
2160000001,2160006000.991667,5091168.825721653,2154914832.165945,99.76429839438481
2170000001,2170006000.991705,5102940.330045022,2164903060.6616597,99.76484210975853
2180000001,2180006000.991743,5114684.742190861,2174891316.2495522,99.76538207968859
2190000001,2190006000.9917808,5126402.24836093,2184879598.7434196,99.76591834697989
2200000001,2200006000.9918184,5138093.0326338,2194867907.9591846,99.76645095375571
2210000001,2210006000.991855,5149757.276998596,2204856243.7148566,99.76697994147132
2220000001,2220006000.991892,5161395.161388053,2214844605.830504,99.76750535092779
2230000001,2230006000.991928,5173006.863710892,2224832994.128217,99.76802722228506
2240000001,2240006000.9919643,5184592.559883563,2234821408.4320807,99.76854559507485
2250000001,2250006000.992,5196152.423861332,2244809848.5681386,99.76906050821329
2260000001,2260006000.9920354,5207686.627668758,2254798314.3643665,99.76957200001314
2270000001,2270006000.99207,5219195.341429558,2264786805.6506405,99.7700801081958
2280000001,2280006000.9921055,5230678.733395887,2274775322.2587094,99.77058486990298
2290000001,2290006000.99214,5242136.969977034,2284763864.022163,99.77108632170808
2300000001,2300006000.9921737,5253570.21576756,2294752430.7764063,99.77158449962734
2310000001,2310006000.9922075,5264978.633574879,2304741022.3586326,99.77207943913075
2320000001,2320006000.9922414,5276362.384446315,2314729638.6077952,99.77257117515259
2330000001,2330006000.9922748,5287721.627695618,2324718279.364579,99.7730597421018
2340000001,2340006000.9923077,5299056.520928985,2334706944.471379,99.77354517387212
2350000001,2350006000.9923406,5310367.220070567,2344695633.77227,99.774027503852
2360000001,2360006000.992373,5321653.879387497,2354684347.1129856,99.77450676493409
2370000001,2370006000.992405,5332916.651514441,2364673084.3408904,99.77498298952486
2380000001,2380006000.992437,5344155.687477677,2374661845.3049593,99.77545620955371
2390000001,2390006000.9924684,5355371.136718724,2384650629.8557496,99.77592645648191
2400000001,2400006000.9925003,5366563.147117529,2394639437.8453827,99.7763937613115
2410000001,2410006000.9925313,5377731.865015212,2404628269.1275163,99.7768581545938
2420000001,2420006000.992562,5388877.435236396,2414617123.5573254,99.77731966643776
2430000001,2430006000.9925923,5400000.001111111,2424606000.9914813,99.77777832651832
2440000001,2440006000.992623,5411099.704496305,2434594901.2881265,99.77823416408422
2450000001,2450006000.992653,5422176.68579695,2444583824.306856,99.77868720796602
2460000001,2460006000.992683,5433231.083986765,2454572769.908696,99.77913748658361
2470000001,2470006000.9927125,5444263.036628557,2464561737.956084,99.77958502795376
2480000001,2480006000.992742,5455272.679894196,2474550728.312848,99.7800298596975
2490000001,2490006000.992771,5466260.1485842215,2484539740.844187,99.78047200904717
2500000001,2500006000.9927998,5477225.5761471065,2494528775.4166527,99.78091150285351
2510000001,2510006000.9928284,5488169.094698158,2504517831.8981304,99.78134836759246
2520000001,2520006000.992857,5499090.835038098,2514506910.157819,99.78178262937185
2530000001,2530006000.9928856,5509990.926671295,2524496010.066214,99.78221431393803
2540000001,2540006000.9929132,5520869.49782369,2534485131.4950895,99.7826434466822
2550000001,2550006000.992941,5531726.675460384,2544474274.3174806,99.78307005264668
2560000001,2560006000.992969,5542562.585302939,2554463438.407666,99.78349415653116
2570000001,2570006000.992996,5553377.351846352,2564452623.64115,99.78391578269854
2580000001,2580006000.9930234,5564171.09837575,2574441829.8946476,99.78433495518095
2590000001,2590006000.99305,5574943.946982785,2584431057.046067,99.78475169768544
2600000001,2600006000.993077,5585696.018581749,2594420304.974495,99.78516603359961
2610000001,2610006000.9931035,5596427.432925401,2604409573.5601783,99.78557798599714
2620000001,2620006000.9931297,5607138.3086205395,2614398862.6845093,99.78598757764314
2630000001,2630006000.993156,5617828.763143284,2624388172.230013,99.78639483099955
2640000001,2640006000.9931817,5628498.912854119,2634377502.0803275,99.7867997682302
2650000001,2650006000.9932075,5639148.873012664,2644366852.120195,99.7872024112059
2660000001,2660006000.993233,5649778.757792202,2654356222.235441,99.78760278150942
2670000001,2670006000.9932585,5660388.6802939605,2664345612.3129644,99.78800090044037
2680000001,2680006000.9932837,5670978.752561148,2674335022.2407227,99.78839678901991
2690000001,2690006000.9933085,5681549.085592766,2684324451.907716,99.78879046799544
2700000001,2700006000.9933333,5692099.789357175,2694313901.203976,99.78918195784516
2710000001,2710006000.9933577,5702630.972805447,2704303370.020552,99.78957127878259
2720000001,2720006000.9933825,5713142.74388449,2714292858.249498,99.78995845076084
2730000001,2730006000.993407,5723635.209549959,2724282365.783857,99.79034349347704
2740000001,2740006000.9934306,5734108.47577895,2734271892.5176516,99.79072642637644
2750000001,2750006000.9934545,5744562.647582495,2744261438.345872,99.7911072686566
2760000001,2760006000.9934783,5754997.829017836,2754251003.1644607,99.79148603927143
2770000001,2770006000.9935017,5765414.123200518,2764240586.8703012,99.79186275693509
2780000001,2780006000.993525,5775811.6323162755,2774230189.361209,99.79223744012596
2790000001,2790006000.9935484,5786190.457632725,2784219810.535916,99.79261010709037
2800000001,2800006000.9935713,5796550.699510874,2794209450.29406,99.7929807758464
2810000001,2810006000.993594,5806892.457416445,2804199108.5361776,99.79334946418751
2820000001,2820006000.993617,5817215.829931016,2814188785.1636863,99.79371618968608
2830000001,2830006000.9936395,5827520.914762983,2824178480.0788765,99.79408096969699
2840000001,2840006000.993662,5837807.808758353,2834168193.1849036,99.79444382136109
2850000001,2850006000.9936843,5848076.607911357,2844157924.3857727,99.79480476160848
2860000001,2860006000.993706,5858327.407374907,2854147673.5863314,99.79516380716197
2870000001,2870006000.993728,5868560.301470881,2864137440.6922574,99.79552097454017
2880000001,2880006000.99375,5878775.383700248,2874127225.6100497,99.79587628006081
2890000001,2890006000.9937716,5888972.746753036,2884117028.2470183,99.79622973984385
2900000001,2900006000.993793,5899152.482518146,2894106848.511275,99.79658136981452
2910000001,2910006000.9938145,5909314.682093009,2904096686.3117213,99.79693118570631
2920000001,2920006000.9938354,5919459.435793103,2914086541.5580425,99.79727920306402
2930000001,2930006000.993857,5929586.833161312,2924076414.1606956,99.79762543724654
2940000001,2940006000.9938774,5939696.962977151,2934066304.0309005,99.79796990342983
2950000001,2950006000.9938984,5949789.913265846,2944056211.0806327,99.79831261660955
2960000001,2960006000.993919,5959865.77130727,2954046135.2226114,99.798653591604
2970000001,2970006000.9939394,5969924.623644757,2964036076.3702946,99.79899284305664
2980000001,2980006000.99396,5979966.556093771,2974026034.437866,99.79933038543885
2990000001,2990006000.99398,5989991.653750446,2984016009.3402295,99.7996662330524
3000000001,3000006000.994,6000000.001,2994006000.993,99.80000040003215
3010000001,3010006000.99402,6009991.6815250255,3003996009.3124948,99.80033290034835
3020000001,3020006000.9940395,6019966.778313648,3013986034.215726,99.80066374780937
3030000001,3030006000.9940596,6029925.373667572,3023976075.620392,99.80099295606381
3040000001,3040006000.994079,6039867.549209999,3033966133.444869,99.80132053860305
3050000001,3050006000.994098,6049793.385893439,3043956207.608205,99.80164650876354
3060000001,3060006000.9941177,6059702.964007394,3053946298.0301104,99.80197087972904
3070000001,3070006000.994137,6069596.363185941,3063936404.630951,99.8022936645329
3080000001,3080006000.994156,6079473.662415193,3073926527.331741,99.80261487606022
3090000001,3090006000.994175,6089334.940040661,3083916666.0541344,99.80293452705007
3100000001,3100006000.9941936,6099180.273774501,3093906820.720419,99.80325263009753
3110000001,3110006000.994212,6109009.740702662,3103896991.2535095,99.80356919765589
3120000001,3120006000.9942307,6118823.4172919225,3113887177.5769386,99.80388424203856
3130000001,3130006000.994249,6128621.379396838,3123877379.614852,99.80419777542119
3140000001,3140006000.9942675,6138403.702266576,3133867597.292001,99.80450980984358
3150000001,3150006000.9942856,6148170.460551659,3143857830.533734,99.80482035721167
3160000001,3160006000.9943037,6157921.728310616,3153848079.265993,99.80512942929941
3170000001,3170006000.994322,6167657.579016526,3163838343.415305,99.80543703775065
3180000001,3180006000.99434,6177378.085563486,3173828622.9087763,99.80574319408102
3190000001,3190006000.994357,6187083.32027297,3183818917.674084,99.80604790967966
3200000001,3200006000.994375,6196773.354900113,3193809227.6394753,99.80635119581106
3210000001,3210006000.9943924,6206448.260639897,3203799552.7337527,99.80665306361679
3220000001,3220006000.99441,6216108.1081332555,3213789892.8862767,99.80695352411723
3230000001,3230006000.994427,6225752.967473092,3223780248.026954,99.80725258821327
3240000001,3240006000.9944444,6235382.908210209,3233770618.086234,99.80755026668788
3250000001,3250006000.9944615,6244997.999359167,3243761002.9951024,99.80784657020793
3260000001,3260006000.9944787,6254598.30940405,3253751402.685075,99.80814150932557
3270000001,3270006000.9944954,6264183.906304156,3263741817.088191,99.80843509447998
3280000001,3280006000.994512,6273754.857499613,3273732246.1370125,99.80872733599885
3290000001,3290006000.994529,6283311.229916913,3283722689.7646117,99.80901824409993
3300000001,3300006000.9945455,6292853.089974372,3293713147.904571,99.8093078288925
3310000001,3310006000.994562,6302380.503587513,3303703620.4909744,99.80959610037885
3320000001,3320006000.9945784,6311893.536174387,3313694107.458404,99.80988306845579
3330000001,3330006000.9945946,6321392.252660802,3323684608.741934,99.81016874291599
3340000001,3340006000.994611,6330876.717485501,3333675124.2771254,99.81045313344946
3350000001,3350006000.994627,6340346.994605264,3343665654.000022,99.81073624964485
3360000001,3360006000.9946427,6349803.147499928,3353656197.8471427,99.81101810099088
3370000001,3370006000.9946585,6359245.239177367,3363646755.7554812,99.81129869687769
3380000001,3380006000.9946747,6368673.332178375,3373637327.662496,99.81157804659802
3390000001,3390006000.9946904,6378087.48858151,3383627913.5061088,99.81185615934868
3400000001,3400006000.9947057,6387487.770007861,3393618513.2246976,99.81213304423171
3410000001,3410006000.9947214,6396874.237625749,3403609126.757096,99.81240871025565
3420000001,3420006000.994737,6406246.952155372,3413599754.0425816,99.81268316633678
3430000001,3430006000.994752,6415605.9738733955,3423590395.0208783,99.81295642130034
3440000001,3440006000.9947677,6424951.362617464,3433581049.63215,99.81322848388172
3450000001,3450006000.9947824,6434283.17779067,3443571717.816992,99.81349936272763
3460000001,3460006000.9947977,6443601.478365961,3453562399.516432,99.81376906639719
3470000001,3470006000.994813,6452906.322890485,3463553094.6719227,99.81403760336322
3480000001,3480006000.9948273,6462197.769489882,3473543803.2253375,99.81430498201318
3490000001,3490006000.9948425,6471475.87587252,3483534525.11897,99.81457121065041
3500000001,3500006000.9948573,6480740.699333681,3493525260.2955236,99.81483629749516
3510000001,3510006000.9948716,6489992.296759681,3503516008.698112,99.8151002506856
3520000001,3520006000.9948864,6499230.724631955,3513506770.2702546,99.81536307827898
3530000001,3530006000.9949007,6508456.03903107,3523497544.9558697,99.81562478825258
3540000001,3540006000.994915,6517668.295640704,3533488332.6992745,99.81588538850474
3550000001,3550006000.99493,6526867.549751565,3543479133.445178,99.8161448868559
3560000001,3560006000.9949436,6536053.856265262,3553469947.1386786,99.81640329104955
3570000001,3570006000.994958,6545227.269698127,3563460773.72526,99.81666060875321
3580000001,3580006000.994972,6554387.844184993,3573451613.1507874,99.81691684755938
3590000001,3590006000.994986,6563535.633482917,3583442465.361503,99.8171720149865
3600000001,3600006000.995,6572670.690974864,3593433330.304025,99.81742611847986
3610000001,3610006000.9950137,6581793.06967334,3603424207.92534,99.81767916541249
3620000001,3620006000.9950275,6590902.822223978,3613415098.1728034,99.81793116308613
3630000001,3630006000.9950414,6600000.000909091,3623406000.994132,99.81818211873204
3640000001,3640006000.9950547,6609084.657651164,3633396916.337404,99.8184320395119
3650000001,3650006000.9950686,6618156.844016315,3643387844.151052,99.81868093251867
3660000001,3660006000.995082,6627216.611217714,3653378784.3838644,99.81892880477749
3670000001,3670006000.9950953,6636264.010118946,3663369736.9849763,99.81917566324634
3680000001,3680006000.9951086,6645299.091237354,3673360701.903871,99.81942151481708
3690000001,3690006000.995122,6654321.90474732,3683351679.0903745,99.81966636631613
3700000001,3700006000.9951353,6663332.500483523,3693342668.494652,99.81991022450526
3710000001,3710006000.995148,6672330.927944147,3703333670.067204,99.82015309608248
3720000001,3720006000.995161,6681317.236294053,3713324683.758867,99.82039498768262
3730000001,3730006000.9951744,6690291.474367915,3723315709.5208063,99.82063590587835
3740000001,3740006000.9951873,6699253.690673312,3733306747.304514,99.8208758571807
3750000001,3750006000.9952,6708203.933393796,3743297797.061806,99.82111484803988
3760000001,3760006000.995213,6717142.250391903,3753288858.744821,99.82135288484608
3770000001,3770006000.9952254,6726068.689212146,3763279932.306013,99.8215899739301
3780000001,3780006000.9952383,6734983.2970839655,3773271017.6981544,99.82182612156407
3790000001,3790006000.9952507,6743886.12092464,3783262114.874326,99.82206133396218
3800000001,3800006000.995263,6752777.207342176,3793253223.787921,99.8222956172813
3810000001,3810006000.9952755,6761656.602638143,3803244344.3926373,99.82252897762177
3820000001,3820006000.995288,6770524.352810497,3813235476.6424775,99.82276142102798
3830000001,3830006000.9953003,6779380.503556354,3823226620.491744,99.82299295348899
3840000001,3840006000.9953127,6788225.10027474,3833217775.895038,99.82322358093933
3850000001,3850006000.9953246,6797058.188069306,3843208942.8072553,99.82345330925946
3860000001,3860006000.9953365,6805879.811751013,3853200121.1835856,99.82368214427656
3870000001,3870006000.995349,6814690.015840779,3863191310.979508,99.82391009176503
3880000001,3880006000.995361,6823488.844572108,3873182512.150789,99.82413715744714
3890000001,3890006000.995373,6832276.341893674,3883173724.653479,99.82436334699368
3900000001,3900006000.9953847,6841052.551471886,3893164948.443913,99.82458866602447
3910000001,3910006000.995396,6849817.516693419,3903156183.4787025,99.82481312010903
3920000001,3920006000.995408,6858571.280667717,3913147429.7147403,99.82503671476711
3930000001,3930006000.9954195,6867313.886229462,3923138687.10919,99.82525945546928
3940000001,3940006000.9954314,6876045.375941029,3933129955.6194906,99.82548134763745
3950000001,3950006000.9954433,6884765.792094892,3943121235.2033486,99.82570239664548
3960000001,3960006000.9954543,6893475.176716023,3953112525.8187385,99.8259226078197
3970000001,3970006000.995466,6902173.571564251,3963103827.423902,99.82614198643948
3980000001,3980006000.9954777,6910861.018136597,3973095139.977341,99.82636053773768
3990000001,3990006000.9954886,6919537.557669587,3983086463.437819,99.82657826690127
4000000001,4000006000.9955,6928203.231141535,3993077797.7643585,99.82679517907181
4010000001,4010006000.995511,6936858.079274795,4003069142.9162364,99.8270112793459
4020000001,4020006000.9955225,6945502.142538004,4013060498.8529844,99.8272265727758
4030000001,4030006000.9955335,6954135.46114828,4023051865.534385,99.82744106436986
4040000001,4040006000.9955444,6962758.075073412,4033043242.920471,99.827654759093
4050000001,4050006000.9955554,6971370.024034013,4043034630.9715214,99.82786766186716
4060000001,4060006000.995567,6979971.347505662,4053026029.6480613,99.82807977757192
4070000001,4070006000.9955773,6988562.084721005,4063017438.9108562,99.82829111104476
4080000001,4080006000.9955883,6997142.2746718535,4073008858.7209163,99.82850166708175
4090000001,4090006000.995599,7005711.956111242,4083000289.0394874,99.82871145043782
4100000001,4100006000.9956098,7014271.167555472,4092991729.8280544,99.82892046582732
4110000001,4110006000.9956207,7022819.947286133,4102983181.0483346,99.82912871792438
4120000001,4120006000.995631,7031358.333352098,4112974642.662279,99.82933621136347
4130000001,4130006000.9956417,7039886.363571503,4122966114.63207,99.82954295073966
4140000001,4140006000.995652,7048404.075533695,4132957596.9201183,99.82974894060929
4150000001,4150006000.9956627,7056911.506601171,4142949089.4890614,99.82995418549014
4160000001,4160006000.995673,7065408.693911485,4152940592.3017616,99.83015868986197
4170000001,4170006000.995683,7073895.674379147,4162932105.321304,99.83036245816696
4180000001,4180006000.9956937,7082372.4846974835,4172923628.5109963,99.83056549481006
4190000001,4190006000.995704,7090839.1613404965,4182915161.8343635,99.83076780415934
4200000001,4200006000.995714,7099295.740564694,4192906705.2551494,99.83096939054654
4210000001,4210006000.9957247,7107742.258410894,4202898258.7373137,99.83117025826733
4220000001,4220006000.9957347,7116178.750706027,4212889822.2450285,99.83137041158172
4230000001,4230006000.9957447,7124605.2530649025,4222881395.7426796,99.83156985471445
4240000001,4240006000.9957547,7133021.800891961,4232872979.194863,99.83176859185538
4250000001,4250006000.9957647,7141428.429383018,4242864572.566382,99.83196662715983
4260000001,4260006000.9957747,7149825.1735269725,4252856175.822248,99.83216396474897
4270000001,4270006000.9957848,7158212.06810751,4262847788.927677,99.83236060871019
4280000001,4280006000.9957943,7166589.147704786,4272839411.8480897,99.83255656309741
4290000001,4290006000.9958043,7174956.4466970805,4282831044.549107,99.83275183193143
4300000001,4300006000.995813,7183313.999262458,4292822686.996551,99.83294641920037
4310000001,4310006000.995824,7191661.839380381,4302814339.156444,99.8331403288599
4320000001,4320006000.995833,7200000.0008333335,4312806000.995,99.83333356483361
4330000001,4330006000.995843,7208328.51720841,4322797672.478635,99.83352613101344
4340000001,4340006000.995852,7216647.421898897,4332789353.573954,99.83371803125979
4350000001,4350006000.995862,7224956.748105832,4342781044.247756,99.83390926940211
4360000001,4360006000.995872,7233256.528839552,4352772744.467032,99.83409984923904
4370000001,4370006000.995881,7241546.796921222,4362764454.19896,99.83428977453875
4380000001,4380006000.995891,7249827.584984349,4372756173.410906,99.83447904903929
4390000001,4390006000.9959,7258098.925476285,4382747902.070424,99.83466767644897
4400000001,4400006000.995909,7266360.850659703,4392739640.145249,99.8348556604465
4410000001,4410006000.995918,7274613.39261407,4402731387.603304,99.83504300468137
4420000001,4420006000.995928,7282856.583237102,4412723144.412691,99.83522971277424
4430000001,4430006000.995936,7291090.454246196,4422714910.54169,99.83541578831705
4440000001,4440006000.995946,7299315.037179858,4432706685.958766,99.8356012348735
4450000001,4450006000.9959545,7307530.363399114,4442698470.632555,99.83578605597916
4460000001,4460006000.995964,7315736.464088903,4452690264.531876,99.83597025514193
4470000001,4470006000.995973,7323933.370259454,4462682067.625713,99.83615383584211
4480000001,4480006000.995982,7332121.112747661,4472673879.883235,99.83633680153292
4490000001,4490006000.995991,7340299.722218432,4482665701.273772,99.83651915564054
4500000001,4500006000.996,7348469.229166031,4492657531.766834,99.83670090156458
4510000001,4510006000.996009,7356629.663915399,4502649371.332093,99.83688204267818
4520000001,4520006000.996017,7364781.056623476,4512641219.939394,99.83706258232841
4530000001,4530006000.996026,7372923.437280493,4522633077.558745,99.8372425238364
4540000001,4540006000.996036,7381056.835711266,4532624944.160324,99.8374218704977
4550000001,4550006000.996044,7389181.281576464,4542616819.714468,99.8376006255825
4560000001,4560006000.996053,7397296.804373879,4552608704.191679,99.83777879233584
4570000001,4570006000.996061,7405403.433439666,4562600597.562622,99.83795637397796
4580000001,4580006000.99607,7413501.197949589,4572592499.7981205,99.83813337370438
4590000001,4590006000.9960785,7421590.126920241,4582584410.869158,99.83830979468632
4600000001,4600006000.996087,7429670.249210257,4592576330.746877,99.83848564007087
4610000001,4610006000.996096,7437741.593521518,4602568259.402575,99.83866091298115
4620000001,4620006000.996104,7445804.188400337,4612560196.807704,99.83883561651663
4630000001,4630006000.996112,7453858.062238642,4622552142.933873,99.83900975375334
4640000001,4640006000.99612,7461903.243275137,4632544097.752846,99.83918332774412
4650000001,4650006000.996129,7469939.759596459,4642536061.236532,99.83935634151877
4660000001,4660006000.996138,7477967.639138324,4652528033.356999,99.83952879808439
4670000001,4670006000.996145,7485986.909686658,4662520014.086458,99.83970070042544
4680000001,4680006000.996154,7493997.598878719,4672512003.397275,99.83987205150413
4690000001,4690006000.996162,7501999.734204208,4682504001.261958,99.84004285426052
4700000001,4700006000.99617,7509993.343006371,4692496007.653164,99.84021311161274
4710000001,4710006000.996179,7517978.452483088,4702488022.543695,99.84038282645726
4720000001,4720006000.996186,7525955.089687953,4712480045.906498,99.84055200166907
4730000001,4730006000.996195,7533923.281531343,4722472077.7146635,99.84072064010185
4740000001,4740006000.996202,7541883.054781478,4732464117.941421,99.84088874458816
4750000001,4750006000.996211,7549834.436065469,4742456166.560145,99.84105631793976
4760000001,4760006000.996219,7557777.451870358,4752448223.544349,99.84122336294769
4770000001,4770006000.996226,7565712.128544146,4762440288.867682,99.84138988238246
4780000001,4780006000.996234,7573638.492296817,4772432362.503937,99.84155587899433
4790000001,4790006000.996243,7581556.569201341,4782424444.427041,99.84172135551344
4800000001,4800006000.99625,7589466.38519468,4792416534.611055,99.84188631465003
4810000001,4810006000.996258,7597367.966078779,4802408633.030179,99.84205075909458
4820000001,4820006000.996265,7605261.337521545,4812400739.658744,99.84221469151802
4830000001,4830006000.996273,7613146.5250578225,4822392854.471215,99.84237811457196
4840000001,4840006000.996281,7621023.5540903555,4832384977.44219,99.84254103088877
4850000001,4850006000.996288,7628892.449890744,4842377108.546397,99.84270344308185
4860000001,4860006000.996296,7636753.237600387,4852369247.758696,99.84286535374576
4870000001,4870006000.9963045,7644605.942231424,4862361395.054073,99.8430267654564
4880000001,4880006000.996311,7652450.588667659,4872353550.407643,99.84318768077118
4890000001,4890006000.996319,7660287.201665483,4882345713.794653,99.84334810222921
4900000001,4900006000.996326,7668115.805854786,4892337885.190472,99.84350803235148
4910000001,4910006000.996334,7675936.425739859,4902330064.570594,99.84366747364092
4920000001,4920006000.996342,7683749.0857002875,4912322251.910642,99.84382642858273
4930000001,4930006000.996348,7691553.80999184,4922314447.186357,99.84398489964438
4940000001,4940006000.996356,7699350.62274735,4932306650.373609,99.84414288927596
4950000001,4950006000.996364,7707139.547977576,4942298861.448386,99.8443003999101
4960000001,4960006000.996371,7714920.609572078,4952291080.386799,99.84445743396233
4970000001,4970006000.996378,7722693.83130006,4962283307.165078,99.84461399383116
4980000001,4980006000.996386,7730459.236811226,4972275541.759574,99.84477008189819
4990000001,4990006000.996392,7738216.849636613,4982267784.146755,99.84492570052838
5000000001,5000006000.9964,7745966.69318943,4992260034.30321,99.84508085207005
5010000001,5010006000.9964075,7753708.790765874,5002252292.205642,99.84523553885516
5020000001,5020006000.996414,7761443.165545954,5012244557.830868,99.84538976319936
5030000001,5030006000.996422,7769169.840594296,5022236831.1558275,99.84554352740224
5040000001,5040006000.9964285,7776888.838860949,5032229112.157568,99.84569683374737
5050000001,5050006000.996435,7784600.183182178,5042221400.813253,99.84584968450244
5060000001,5060006000.996443,7792303.896281254,5052213697.100162,99.84600208191952
5070000001,5070006000.996449,7800000.000769231,5062206000.99568,99.84615402823515
5080000001,5080006000.996457,7807688.519145727,5072198312.477311,99.84630552567036
5090000001,5090006000.996464,7815369.473799687,5082190631.522664,99.84645657643095
5100000001,5100006000.99647,7823042.887010143,5092182958.10946,99.84660718270759
5110000001,5110006000.996477,7830708.780946971,5102175292.21553,99.84675734667591
5120000001,5120006000.996485,7838367.1776716355,5112167633.818813,99.84690707049668
5130000001,5130006000.996491,7846018.099137931,5122159982.897353,99.84705635631587
5140000001,5140006000.996498,7853661.567192719,5132152339.429305,99.84720520626492
5150000001,5150006000.996505,7861297.603576651,5142144703.392928,99.84735362246072
5160000001,5160006000.996511,7868926.229924894,5152137074.766586,99.84750160700577
5170000001,5170006000.996518,7876547.467767842,5162129453.52875,99.8476491619884
5180000001,5180006000.996525,7884161.3385318285,5172121839.657993,99.84779628948279
5190000001,5190006000.9965315,7891767.863539829,5182114233.132992,99.84794299154906
5200000001,5200006000.996538,7899367.064012154,5192106633.932526,99.84808927023356
5210000001,5210006000.996545,7906958.961067144,5202099042.035478,99.84823512756887
5220000001,5220006000.9965515,7914543.57572185,5212091457.42083,99.84838056557386
5230000001,5230006000.996558,7922120.928892717,5222083880.067665,99.84852558625394
5240000001,5240006000.996565,7929691.041396254,5232076309.955169,99.84867019160116
5250000001,5250006000.996572,7937253.933949701,5242068747.062622,99.84881438359417
5260000001,5260006000.996578,7944809.627171692,5252061191.369407,99.84895816419855
5270000001,5270006000.996584,7952358.14158291,5262053642.855001,99.84910153536678
5280000001,5280006000.996591,7959899.497606738,5272046101.498984,99.84924449903836
5290000001,5290006000.996597,7967433.715569901,5282038567.281028,99.84938705714004
5300000001,5300006000.996604,7974960.815703109,5292031040.180901,99.84952921158573
5310000001,5310006000.99661,7982480.818141689,5302023520.178468,99.84967096427681
5320000001,5320006000.996616,7989993.742926211,5312016007.25369,99.84981231710209
5330000001,5330006000.996623,7997499.610003117,5322008501.38662,99.849953271938
5340000001,5340006000.99663,8004998.439225332,5332001002.5574045,99.85009383064866
5350000001,5350006000.996635,8012490.250352883,5341993510.746283,99.85023399508599
5360000001,5360006000.996641,8019975.063053501,5351986025.933588,99.85037376708978
5370000001,5370006000.996648,8027452.896903226,5361978548.099745,99.85051314848785
5380000001,5380006000.9966545,8034923.771387007,5371971077.225267,99.85065214109615
5390000001,5390006000.99666,8042387.705899287,5381963613.290761,99.8507907467188
5400000001,5400006000.996667,8049844.7197445985,5391956156.276922,99.8509289671482
5410000001,5410006000.996673,8057294.832138142,5401948706.164535,99.85106680416521
5420000001,5420006000.996679,8064738.0622063605,5411941262.934473,99.85120425953914
5430000001,5430006000.996685,8072174.428987521,5421933826.567698,99.85134133502788
5440000001,5440006000.996691,8079603.951432273,5431926397.0452585,99.85147803237805
5450000001,5450006000.996697,8087026.64840422,5441918974.348293,99.85161435332502
5460000001,5460006000.996703,8094442.538680474,5451911558.458023,99.85175029959304
5470000001,5470006000.996709,8101851.640952209,5461904149.355757,99.85188587289528
5480000001,5480006000.996716,8109253.973825213,5471896747.02289,99.85202107493403
5490000001,5490006000.996721,8116649.555820431,5481889351.440901,99.85215590740071
5500000001,5500006000.996727,8124038.405374509,5491881962.591352,99.85229037197591
5510000001,5510006000.996734,8131420.540840327,5501874580.4558935,99.85242447032962
5520000001,5520006000.996739,8138795.980487532,5511867205.016252,99.8525582041212
5530000001,5530006000.996745,8146164.742503064,5521859836.254242,99.85269157499947
5540000001,5540006000.996751,8153526.844991681,5531852474.151759,99.8528245846029
5550000001,5550006000.996757,8160882.30597648,5541845118.69078,99.85295723455955
5560000001,5560006000.996762,8168231.143399408,5551837769.853363,99.8530895264873
5570000001,5570006000.996768,8175573.375121772,5561830427.621646,99.85322146199378
5580000001,5580006000.996774,8182909.018924749,5571823091.977849,99.8533530426766
5590000001,5590006000.99678,8190238.092509887,5581815762.90427,99.85348427012333
5600000001,5600006000.996786,8197560.613499604,5591808440.383286,99.85361514591162
5610000001,5610006000.996792,8204876.599437678,5601801124.397354,99.85374567160926
5620000001,5620006000.996798,8212186.0677897455,5611793814.929008,99.8538758487743
5630000001,5630006000.996802,8219489.035943779,5621786511.960858,99.85400567895508
5640000001,5640006000.996808,8226785.521210578,5631779215.475597,99.8541351636903
5650000001,5650006000.996814,8234075.54082424,5641771925.45599,99.85426430450921
5660000001,5660006000.9968195,8241359.111942641,5651764641.884877,99.85439310293151
5670000001,5670006000.996825,8248636.2516479045,5661757364.745177,99.85452156046752
5680000001,5680006000.996831,8255906.97694687,5671750094.019884,99.85464967861833
5690000001,5690006000.996837,8263171.304771553,5681742829.692065,99.85477745887572
5700000001,5700006000.996842,8270429.251979609,5691735571.744863,99.85490490272232
5710000001,5710006000.996848,8277680.835354792,5701728320.161493,99.85503201163169
5720000001,5720006000.996853,8284926.071607399,5711721074.925245,99.85515878706835
5730000001,5730006000.996859,8292164.977374727,5721713836.019484,99.85528523048785
5740000001,5740006000.996864,8299397.569221515,5731706603.427643,99.85541134333693
5750000001,5750006000.996869,8306623.86364039,5741699377.133228,99.85553712705342
5760000001,5760006000.996875,8313843.877052299,5751692157.1198225,99.85566258306652
5770000001,5770006000.996881,8321057.62580695,5761684943.371074,99.85578771279667
5780000001,5780006000.996886,8328265.1261832435,5771677735.870703,99.85591251765574
5790000001,5790006000.996891,8335466.394389698,5781670534.602501,99.85603699904708
5800000001,5800006000.996897,8342661.446564879,5791663339.550332,99.85616115836551
5810000001,5810006000.9969015,8349850.298777817,5801656150.698124,99.85628499699752
5820000001,5820006000.996907,8357032.96702843,5811648968.029879,99.85640851632117
5830000001,5830006000.996913,8364209.467247936,5821641791.529665,99.85653171770633
5840000001,5840006000.996918,8371379.815299268,5831634621.181619,99.85665460251461
5850000001,5850006000.996923,8378544.026977479,5841627456.969946,99.85677717209948
5860000001,5860006000.996928,8385702.118010155,5851620298.878918,99.85689942780633
5870000001,5870006000.996934,8392854.10405781,5861613146.892876,99.85702137097249
5880000001,5880006000.996939,8400000.000714285,5871606000.996224,99.85714300292737
5890000001,5890006000.996943,8407139.82350716,5881598861.173436,99.85726432499247
5900000001,5900006000.996949,8414273.587898126,5891591727.409051,99.85738533848141
5910000001,5910006000.996954,8421401.30928339,5901584599.687671,99.85750604470009
5920000001,5920006000.99696,8428523.002994059,5911577477.993966,99.85762644494662
5930000001,5930006000.996964,8435638.684296524,5921570362.312668,99.85774654051144
5940000001,5940006000.99697,8442748.368392842,5931563252.628577,99.85786633267752
5950000001,5950006000.996975,8449852.070421115,5941556148.926554,99.85798582272008
5960000001,5960006000.99698,8456949.805455865,5951549051.191524,99.858105011907
5970000001,5970006000.9969845,8464041.588508412,5961541959.408476,99.85822390149868
5980000001,5980006000.99699,8471127.434527237,5971534873.562463,99.8583424927481
5990000001,5990006000.996995,8478207.358398354,5981527793.638597,99.85846078690092
6000000001,6000006000.997,8485281.374945678,5991520719.622054,99.85857878519562
6010000001,6010006000.9970045,8492349.498931376,6001513651.498074,99.85869648886337
6020000001,6020006000.99701,8499411.745056242,6011506589.251954,99.8588138991282
6030000001,6030006000.997015,8506468.127960041,6021499532.869055,99.85893101720706
6040000001,6040006000.99702,8513518.662221866,6031492482.334798,99.85904784430981
6050000001,6050006000.997025,8520563.362360496,6041485437.634664,99.85916438163935
6060000001,6060006000.997029,8527602.242834736,6051478398.754194,99.8592806303916
6070000001,6070006000.997035,8534635.318043765,6061471365.678991,99.85939659175557
6080000001,6080006000.997039,8541662.602327488,6071464338.3947115,99.85951226691344
6090000001,6090006000.997045,8548684.109966867,6081457316.887077,99.8596276570406
6100000001,6100006000.997049,8555699.855184263,6091450301.141865,99.8597427633057
6110000001,6110006000.997054,8562709.85214377,6101443291.14491,99.85985758687067
6120000001,6120006000.997059,8569714.11495156,6111436286.882108,99.8599721288908
6130000001,6130006000.997064,8576712.657656195,6121429288.339407,99.86008639051475
6140000001,6140006000.997068,8583705.494248973,6131422295.502819,99.86020037288472
6150000001,6150006000.997073,8590692.638664242,6141415308.358409,99.86031407713632
6160000001,6160006000.997078,8597674.104779733,6151408326.892298,99.86042750439871
6170000001,6170006000.997083,8604649.906416878,6161401351.090666,99.86054065579472
6180000001,6180006000.9970875,8611620.057341127,6171394380.939746,99.86065353244071
6190000001,6190006000.997092,8618584.571262266,6181387416.42583,99.86076613544681
6200000001,6200006000.997097,8625543.461834738,6191380457.535262,99.86087846591684
6210000001,6210006000.997101,8632496.742657943,6201373504.254443,99.86099052494842
6220000001,6220006000.997106,8639444.42727656,6211366556.569829,99.86110231363295
6230000001,6230006000.99711,8646386.529180847,6221359614.46793,99.86121383305576
6240000001,6240006000.997115,8653323.061806949,6231352677.935308,99.861325084296
6250000001,6250006000.99712,8660254.038537206,6241345746.958583,99.86143606842688
6260000001,6260006000.997125,8667179.472700447,6251338821.524425,99.86154678651555
6270000001,6270006000.997129,8674099.37757229,6261331901.619557,99.86165723962317
6280000001,6280006000.997134,8681013.766375445,6271324987.230759,99.86176742880505
6290000001,6290006000.997138,8687922.652280003,6281318078.344858,99.8618773551106
6300000001,6300006000.997143,8694826.048403729,6291311174.948739,99.86198701958335
6310000001,6310006000.997148,8701723.967812356,6301304277.029335,99.86209642326112
6320000001,6320006000.997151,8708616.423519868,6311297384.573631,99.86220556717595
6330000001,6330006000.997156,8715503.428488798,6321290497.568667,99.86231445235414
6340000001,6340006000.997161,8722384.995630495,6331283616.001531,99.86242307981635
6350000001,6350006000.997166,8729261.13780542,6341276739.859361,99.86253145057762
6360000001,6360006000.9971695,8736131.867823424,6351269869.129346,99.86263956564736
6370000001,6370006000.997174,8742997.198444022,6361263003.79873,99.8627474260295
6380000001,6380006000.997179,8749857.142376669,6371256143.854802,99.8628550327224
6390000001,6390006000.997184,8756711.712281043,6381249289.284903,99.86296238671896
6400000001,6400006000.997188,8763560.920767311,6391242440.07642,99.86306948900669
6410000001,6410006000.997191,8770404.780396398,6401235596.216795,99.86317634056768
6420000001,6420006000.997196,8777243.303680262,6411228757.693516,99.8632829423786
6430000001,6430006000.997201,8784076.503082154,6421221924.494119,99.86338929541093
6440000001,6440006000.997205,8790904.391016888,6431215096.606188,99.86349540063075
6450000001,6450006000.99721,8797726.979851102,6441208274.017359,99.86360125899898
6460000001,6460006000.997213,8804544.281903522,6451201456.71531,99.86370687147127
6470000001,6470006000.997218,8811356.309445215,6461194644.687773,99.86381223899812
6480000001,6480006000.997222,8818163.074699854,6471187837.922523,99.86391736252493
6490000001,6490006000.997227,8824964.589843974,6481181036.407383,99.86402224299195
6500000001,6500006000.9972315,8831760.867007213,6491174240.130224,99.86412688133439
6510000001,6510006000.997234,8838551.918272585,6501167449.078961,99.8642312784824
6520000001,6520006000.997239,8845337.755676717,6511160663.241563,99.86433543536121
6530000001,6530006000.997243,8852118.391210094,6521153882.606032,99.86443935289097
6540000001,6540006000.997248,8858893.836817326,6531147107.16043,99.86454303198701
6550000001,6550006000.9972515,8865664.10439737,6541140336.892854,99.86464647355974
6560000001,6560006000.997256,8872429.205803785,6551133571.791452,99.8647496785147
6570000001,6570006000.99726,8879189.152844982,6561126811.844415,99.86485264775257
6580000001,6580006000.997265,8885943.957284449,6571120057.039981,99.8649553821693
6590000001,6590006000.997269,8892693.630840994,6581113307.366427,99.86505788265602
6600000001,6600006000.997273,8899438.185188996,6591106562.812084,99.86516015009919
6610000001,6610006000.997276,8906177.631958617,6601099823.365317,99.86526218538054
6620000001,6620006000.997281,8912911.982736057,6611093089.014545,99.86536398937716
6630000001,6630006000.997285,8919641.249063777,6621086359.748221,99.86546556296145
6640000001,6640006000.997289,8926365.442440726,6631079635.554848,99.86556690700128
6650000001,6650006000.997293,8933084.574322578,6641072916.422971,99.86566802235993
6660000001,6660006000.997297,8939798.65612196,6651066202.341175,99.86576890989612
6670000001,6670006000.997301,8946507.69920867,6661059493.298093,99.8658695704641
6680000001,6680006000.997306,8953211.714909907,6671052789.282396,99.86597000491358
6690000001,6690006000.99731,8959910.714510497,6681046090.282799,99.86607021408986
6700000001,6700006000.9973135,8966604.709253108,6691039396.28806,99.86617019883387
6710000001,6710006000.997317,8973293.710338473,6701032707.286979,99.86626995998208
6720000001,6720006000.997321,8979977.728925612,6711026023.268395,99.86636949836662
6730000001,6730006000.997325,8986656.776132045,6721019344.221193,99.86646881481532
6740000001,6740006000.997329,8993330.863034008,6731012670.1342945,99.86656791015166
6750000001,6750006000.997334,9000000.000666667,6741006000.996667,99.86666678519491
6760000001,6760006000.997337,9006664.200024335,6750999336.797313,99.86676544076003
6770000001,6770006000.997341,9013323.47206068,6760992677.52528,99.86686387765782
6780000001,6780006000.997345,9019977.827688934,6770986023.169656,99.86696209669486
6790000001,6790006000.997349,9026627.277782107,6780979373.719566,99.8670600986736
6800000001,6800006000.997354,9033271.833173184,6790972729.164181,99.86715788439234
6810000001,6810006000.997357,9039911.50465534,6800966089.4927025,99.86725545464526
6820000001,6820006000.997361,9046546.30298215,6810959454.694379,99.86735281022247
6830000001,6830006000.997364,9053176.23886777,6820952824.758496,99.86744995191006
6840000001,6840006000.997368,9059801.322987165,6830946199.67438,99.86754688049007
6850000001,6850006000.997372,9066421.565976292,6840939579.431396,99.86764359674055
6860000001,6860006000.997376,9073036.978432305,6850932964.018944,99.86774010143557
6870000001,6870006000.99738,9079647.570913753,6860926353.426467,99.8678363953453
6880000001,6880006000.997384,9086253.353940776,6870919747.643443,99.86793247923586
6890000001,6890006000.997388,9092854.337995304,6880913146.659392,99.86802835386966
6900000001,6900006000.997392,9099450.53352124,6890906550.46387,99.86812402000511
6910000001,6910006000.9973955,9106041.950924672,6900899959.046471,99.86821947839682
6920000001,6920006000.997399,9112628.60057404,6910893372.396825,99.8683147297956
6930000001,6930006000.997402,9119210.49280035,6920886790.5046015,99.86840977494842
6940000001,6940006000.997406,9125787.637897344,6930880213.3595085,99.86850461459852
6950000001,6950006000.99741,9132360.046121703,6940873640.951288,99.86859924948538
6960000001,6960006000.997414,9138927.727693222,6950867073.26972,99.86869368034476
6970000001,6970006000.997417,9145490.692795001,6960860510.304623,99.86878790790874
6980000001,6980006000.997421,9152048.95157363,6970853952.045848,99.86888193290571
6990000001,6990006000.997425,9158602.514139371,6980847398.483286,99.86897575606041
7000000001,7000006000.997429,9165151.390566334,6990840849.606863,99.86906937809397
7010000001,7010006000.997433,9171695.590892667,7000834305.40654,99.86916279972388
7020000001,7020006000.997437,9178235.125120733,7010827765.872315,99.86925602166411
7030000001,7030006000.997439,9184770.003217282,7020821230.994222,99.86934904462508
7040000001,7040006000.997443,9191300.235113638,7030814700.762329,99.86944186931358
7050000001,7050006000.997447,9197825.830705862,7040808175.166741,99.86953449643299
7060000001,7060006000.99745,9204346.799854947,7050801654.197595,99.86962692668314
7070000001,7070006000.997454,9210863.152386969,7060795137.845067,99.86971916076044
7080000001,7080006000.9974575,9217374.898093274,7070788626.099364,99.86981119935781
7090000001,7090006000.997461,9223882.04673065,7080782118.95073,99.8699030431648
7100000001,7100006000.997465,9230384.608021488,7090775616.389443,99.86999469286751
7110000001,7110006000.997468,9236882.591653962,7100769118.405814,99.8700861491487
7120000001,7120006000.997472,9243376.007282188,7110762624.99019,99.87017741268775
7130000001,7130006000.997476,9249864.8645264,7120756136.132949,99.8702684841607
7140000001,7140006000.997479,9256349.172973111,7130749651.824507,99.87035936424031
7150000001,7150006000.997482,9262828.942175278,7140743172.055307,99.870450053596
7160000001,7160006000.997486,9269304.181652471,7150736696.815834,99.87054055289394
7170000001,7170006000.997489,9275774.90089103,7160730226.096598,99.87063086279704
7180000001,7180006000.997493,9282241.10934423,7170723759.888148,99.87072098396499
7190000001,7190006000.997497,9288702.816432443,7180717298.181065,99.87081091705427
7200000001,7200006000.9975,9295160.031543298,7190710840.965957,99.87090066271811
7210000001,7210006000.997503,9301612.764031837,7200704388.233472,99.87099022160669
7220000001,7220006000.997507,9308061.023220679,7210697939.974286,99.87107959436689
7230000001,7230006000.997511,9314504.81840017,7220691496.179111,99.87116878164257
7240000001,7240006000.997514,9320944.158828547,7230685056.838685,99.87125778407443
7250000001,7250006000.997517,9327379.053732082,7240678621.943785,99.87134660230006
7260000001,7260006000.99752,9333809.512305252,7250672191.485215,99.87143523695403
7270000001,7270006000.997524,9340235.543710876,7260665765.453814,99.8715236886678
7280000001,7280006000.997527,9346657.15708028,7270659343.840446,99.87161195806982
7290000001,7290006000.997531,9353074.361513438,7280652926.636018,99.87170004578552
7300000001,7300006000.997534,9359487.166079134,7290646513.831454,99.8717879524373
7310000001,7310006000.997538,9365895.579815099,7300640105.417723,99.87187567864463
7320000001,7320006000.997541,9372299.611728169,7310633701.385814,99.87196322502399
7330000001,7330006000.997544,9378699.27079443,7320627301.726749,99.8720505921889
7340000001,7340006000.997548,9385094.565959364,7330620906.431589,99.87213778075
7350000001,7350006000.997551,9391485.506137993,7340614515.491413,99.87222479131496
7360000001,7360006000.997554,9397872.100215027,7350608128.897339,99.8723116244886
7370000001,7370006000.997558,9404254.357045008,7360601746.640512,99.87239828087287
7380000001,7380006000.9975605,9410632.28545245,7370595368.712108,99.87248476106684
7390000001,7390006000.997564,9417005.894231988,7380588995.1033325,99.87257106566678
7400000001,7400006000.997567,9423375.192148512,7390582625.805419,99.87265719526609
7410000001,7410006000.997571,9429740.187937312,7400576260.809633,99.87274315045536
7420000001,7420006000.997574,9436100.890304215,7410569900.107269,99.87282893182248
7430000001,7430006000.997578,9442457.30792573,7420563543.6896515,99.87291453995249
7440000001,7440006000.997581,9448809.449449174,7430557191.548131,99.87299997542766
7450000001,7450006000.997584,9455157.323492825,7440550843.674091,99.87308523882763
7460000001,7460006000.997587,9461500.938646045,7450544500.058941,99.87317033072921
7470000001,7470006000.99759,9467840.303469425,7460538160.69412,99.87325525170655
7480000001,7480006000.997593,9474175.42649491,7470531825.571098,99.87334000233113
7490000001,7490006000.997597,9480506.316225942,7480525494.681371,99.87342458317173
7500000001,7500006000.9976,9486832.981137594,7490519168.016462,99.87350899479446
7510000001,7510006000.997603,9493155.42967669,7500512845.567926,99.87359323776285
7520000001,7520006000.997606,9499473.670261947,7510506527.327344,99.87367731263775
7530000001,7530006000.99761,9505787.71128411,7520500213.286326,99.87376121997745
7540000001,7540006000.997613,9512097.561106067,7530493903.436507,99.87384496033759
7550000001,7550006000.997616,9518403.228062993,7540487597.769553,99.8739285342713
7560000001,7560006000.99762,9524704.720462468,7550481296.277157,99.87401194232906
7570000001,7570006000.997622,9531002.046584608,7560474998.951036,99.87409518505892
7580000001,7580006000.997625,9537295.2146822,7570468705.782943,99.87417826300629
7590000001,7590006000.997628,9543584.232980814,7580462416.7646475,99.87426117671414
7600000001,7600006000.997631,9549869.109678939,7590456131.887952,99.87434392672287
7610000001,7610006000.997635,9556149.852948101,7600449851.144687,99.87442651357048
7620000001,7620006000.997638,9562426.470932992,7610443574.526705,99.87450893779243
7630000001,7630006000.997641,9568698.971751593,7620437302.025889,99.87459119992172
7640000001,7640006000.997644,9574967.363495292,7630431033.63415,99.87467330048896
7650000001,7650006000.997647,9581231.654229011,7640424769.343418,99.8747552400223
7660000001,7660006000.99765,9587491.851991322,7650418509.1456585,99.87483701904748
7670000001,7670006000.997653,9593747.964794572,7660412253.032859,99.87491863808782
7680000001,7680006000.997656,9600000.000625,7670406000.997031,99.87500009766428
7690000001,7690006000.997659,9606247.967442855,7680399753.030216,99.87508139829545
7700000001,7700006000.997663,9612491.87318252,7690393509.12448,99.87516254049754
7710000001,7710006000.997665,9618731.725752622,7700387269.271913,99.87524352478444
7720000001,7720006000.997668,9624967.53303615,7710381033.464632,99.8753243516677
7730000001,7730006000.997671,9631199.30289058,7720374801.69478,99.87540502165655
7740000001,7740006000.997675,9637427.04314798,7730368573.954527,99.87548553525791
7750000001,7750006000.997678,9643650.761615125,7740362350.236063,99.87556589297643
7760000001,7760006000.997681,9649870.466073625,7750356130.531607,99.87564609531444
7770000001,7770006000.997684,9656086.164280018,7760349914.833404,99.8757261427721
7780000001,7780006000.997686,9662297.8639659,7770343703.13372,99.87580603584718
7790000001,7790006000.997689,9668505.572838027,7780337495.424851,99.87588577503536
7800000001,7800006000.997692,9674709.298578434,7790331291.699114,99.87596536082997
7810000001,7810006000.997695,9680909.048844535,7800325091.948851,99.8760447937222
7820000001,7820006000.997698,9687104.831269247,7810318896.166429,99.87612407420106
7830000001,7830006000.997701,9693296.653461091,7820312704.344239,99.87620320275327
7840000001,7840006000.9977045,9699484.523004303,7830306516.4747,99.87628217986351
7850000001,7850006000.997707,9705668.447458938,7840300332.550248,99.87636100601419
7860000001,7860006000.99771,9711848.434360988,7850294152.563349,99.87643968168562
7870000001,7870006000.997713,9718024.491222482,7860287976.506491,99.876518207356
7880000001,7880006000.997716,9724196.625531591,7870281804.372185,99.87659658350132
7890000001,7890006000.997719,9730364.84475274,7880275636.1529665,99.87667481059556
7900000001,7900006000.997722,9736529.156326704,7890269471.841395,99.8767528891105
7910000001,7910006000.997725,9742689.567670725,7900263311.430054,99.87683081951592
7920000001,7920006000.997727,9748846.08617861,7910257154.911549,99.87690860227946
7930000001,7930006000.99773,9754998.719220828,7920251002.278509,99.87698623786673
7940000001,7940006000.997733,9761147.474144625,7930244853.523588,99.87706372674128
7950000001,7950006000.997736,9767292.358274119,7940238708.6394615,99.87714106936461
7960000001,7960006000.997739,9773433.378910402,7950232567.618829,99.87721826619622
7970000001,7970006000.997742,9779570.543331645,7960226430.45441,99.87729531769351
7980000001,7980006000.997745,9785703.858793193,7970220297.138951,99.87737222431198
7990000001,7990006000.997747,9791833.332527673,7980214167.665219,99.87744898650507
8000000001,8000006000.997749,9797958.971745085,7990208042.026004,99.87752560472426
8010000001,8010006000.997752,9804080.783632904,8000201920.214119,99.87760207941902
8020000001,8020006000.997755,9810198.775356185,8010195802.222399,99.8776784110369
8030000001,8030006000.997758,9816312.954057649,8020189688.0437,99.87775460002348
8040000001,8040006000.997761,9822423.326857787,8030183577.670903,99.87783064682242
8050000001,8050006000.997764,9828529.90085496,8040177471.096909,99.87790655187541
8060000001,8060006000.9977665,9834632.683125487,8050171368.314641,99.87798231562225
8070000001,8070006000.997769,9840731.680723745,8060165269.317045,99.87805793850082
8080000001,8080006000.997772,9846826.90068227,8070159174.09709,99.87813342094714
8090000001,8090006000.997775,9852918.350011839,8080153082.647763,99.87820876339526
8100000001,8100006000.997778,9859006.035701571,8090146994.962076,99.87828396627746
8110000001,8110006000.99778,9865089.964719024,8100140911.033061,99.87835903002407
8120000001,8120006000.997783,9871170.144010283,8110134830.853772,99.8784339550636
8130000001,8130006000.997786,9877246.580500053,8120128754.417286,99.87850874182274
8140000001,8140006000.997788,9883319.281091753,8130122681.716697,99.87858339072625
8150000001,8150006000.997791,9889388.252667604,8140116612.745124,99.87865790219716
8160000001,8160006000.997794,9895453.502088724,8150110547.495706,99.87873227665668
8170000001,8170006000.997797,9901515.036195219,8160104485.961602,99.87880651452416
8180000001,8180006000.9978,9907572.861806266,8170098428.135994,99.87888061621717
8190000001,8190006000.997803,9913626.985720212,8180092374.012082,99.87895458215156
8200000001,8200006000.997805,9919677.414714653,8190086323.58309,99.8790284127413
8210000001,8210006000.9978075,9925724.155546537,8200080276.842261,99.87910210839871
8220000001,8220006000.99781,9931767.21495223,8210074233.782858,99.87917566953422
8230000001,8230006000.997812,9937806.59964763,8220068194.398165,99.87924909655665
8240000001,8240006000.997815,9943842.316328231,8230062158.681487,99.87932238987297
8250000001,8250006000.997818,9949874.371669222,8240056126.626149,99.8793955498885
8260000001,8260006000.997821,9955902.772325572,8250050098.225495,99.87946857700682
8270000001,8270006000.997824,9961927.52493211,8260044073.472892,99.87954147162976
8280000001,8280006000.997827,9967948.636103619,8270038052.361723,99.87961423415753
8290000001,8290006000.9978285,9973966.112434912,8280032034.885393,99.87968686498859
8300000001,8300006000.997831,9979979.960500922,8290026021.037331,99.87975936451973
8310000001,8310006000.997834,9985990.186856784,8300020010.810977,99.87983173314606
8320000001,8320006000.997836,9991996.798037918,8310014004.199799,99.87990397126109
8330000001,8330006000.997839,9997999.80056011,8320008001.197279,99.87997607925658
8340000001,8340006000.997842,10003999.2009196,8330002001.796923,99.88004805752271
8350000001,8350006000.997845,10009995.00559316,8339996005.992251,99.880119906448
8360000001,8360006000.997847,10015987.221038174,8349990013.776809,99.88019162641937
8370000001,8370006000.997849,10021975.853692723,8359984025.144156,99.88026321782209
8380000001,8380006000.997852,10027960.909975667,8369978040.087876,99.88033468103983
8390000001,8390006000.997854,10033942.396286717,8379972058.601567,99.88040601645464
8400000001,8400006000.997857,10039920.319006521,8389966080.67885,99.88047722444705
8410000001,8410006000.99786,10045894.684496747,8399960106.313363,99.88054830539592
8420000001,8420006000.997863,10051865.499100154,8409954135.498763,99.88061925967857
8430000001,8430006000.997865,10057832.769140676,8419948168.2287245,99.88069008767077
8440000001,8440006000.997868,10063796.500923496,8429942204.496944,99.88076078974667
8450000001,8450006000.9978695,10069756.700735128,8439936244.297134,99.88083136627895
8460000001,8460006000.997872,10075713.374843491,8449930287.623029,99.88090181763873
8470000001,8470006000.997875,10081666.529497989,8459924334.468377,99.88097214419552
8480000001,8480006000.997877,10087616.170929583,8469918384.826947,99.8810423463174
8490000001,8490006000.99788,10093562.305350872,8479912438.692529,99.8811124243709
8500000001,8500006000.997883,10099504.938956166,8489906496.058927,99.88118237872102
8510000001,8510006000.997885,10105444.077921564,8499900556.919963,99.88125220973126
8520000001,8520006000.997888,10111379.728405021,8509894621.269483,99.88132191776367
8530000001,8530006000.9978895,10117311.896546435,8519888689.101343,99.88139150317875
8540000001,8540006000.997892,10123240.588467706,8529882760.409425,99.88146096633557
8550000001,8550006000.997894,10129165.810272828,8539876835.187621,99.8815303075917
8560000001,8560006000.997897,10135087.568047944,8549870913.42985,99.8815995273033
8570000001,8570006000.9979,10141005.867861433,8559864995.130038,99.881668625825
8580000001,8580006000.997902,10146920.71576397,8569859080.282138,99.88173760351002
8590000001,8590006000.997904,10152832.117788613,8579853168.8801155,99.88180646071017
8600000001,8600006000.997906,10158740.07995086,8589847260.917954,99.88187519777576
8610000001,8610006000.99791,10164644.608248731,8599841356.38966,99.88194381505573
8620000001,8620006000.997911,10170545.708662834,8609835455.28925,99.88201231289764
8630000001,8630006000.997915,10176443.387156438,8619829557.61076,99.8820806916475
8640000001,8640006000.997917,10182337.64967554,8629823663.348242,99.88214895165004
8650000001,8650006000.99792,10188228.502148937,8639817772.49577,99.88221709324856
8660000001,8660006000.997921,10194115.950488301,8649811885.047432,99.88228511678497
8670000001,8670006000.997925,10200000.000588235,8659806000.997337,99.88235302259983
8680000001,8680006000.997927,10205880.658326356,8669800120.3396,99.88242081103223
8690000001,8690006000.997929,10211757.929563353,8679794243.068365,99.88248848242003
8700000001,8700006000.99793,10217631.82014306,8689788369.177788,99.88255603709962
8710000001,8710006000.997932,10223502.335892528,8699782498.66204,99.88262347540609
8720000001,8720006000.997936,10229369.482622083,8709776631.515314,99.88269079767316
8730000001,8730006000.997938,10235233.2661254,8719770767.731813,99.88275800423327
8740000001,8740006000.99794,10241093.69217956,8729764907.305761,99.88282509541745
8750000001,8750006000.997942,10246950.76654514,8739759050.231398,99.88289207155543
8760000001,8760006000.997946,10252804.494966242,8749753196.50298,99.88295893297563
8770000001,8770006000.997948,10258654.883170601,8759747346.114777,99.88302568000519
8780000001,8780006000.99795,10264501.936869612,8769741499.06108,99.88309231296992
8790000001,8790006000.997952,10270345.661758421,8779735655.336193,99.88315883219428
8800000001,8800006000.997953,10276186.063515978,8789729814.934437,99.88322523800153
8810000001,8810006000.997957,10282023.147805106,8799723977.850153,99.8832915307136
8820000001,8820006000.99796,10287856.920272559,8809718144.077686,99.88335771065113
8830000001,8830006000.997961,10293687.386549098,8819712313.611412,99.88342377813349
8840000001,8840006000.997963,10299514.552249538,8829706486.445713,99.88348973347884
8850000001,8850006000.997967,10305338.422972823,8839700662.574993,99.883555577004
8860000001,8860006000.997969,10311159.004302086,8849694841.993666,99.8836213090246
8870000001,8870006000.99797,10316976.30180471,8859689024.696165,99.883686929855
8880000001,8880006000.997972,10322790.32103239,8869683210.67694,99.88375243980836
8890000001,8890006000.997976,10328601.067521196,8879677399.930454,99.88381783919648
8900000001,8900006000.997978,10334408.546791635,8889671592.451187,99.88388312833011
8910000001,8910006000.99798,10340212.76434871,8899665788.233631,99.88394830751865
8920000001,8920006000.997982,10346013.725681983,8909659987.2723,99.88401337707033
8930000001,8930006000.997984,10351811.436265636,8919654189.561718,99.88407833729217
8940000001,8940006000.997986,10357605.901558526,8929648395.096428,99.88414318849001
8950000001,8950006000.997988,10363397.127004253,8939642603.870983,99.88420793096844
8960000001,8960006000.997992,10369185.118031213,8949636815.879961,99.88427256503091
8970000001,8970006000.997993,10374969.880052665,8959631031.11794,99.88433709097967
8980000001,8980006000.997995,10380751.418466777,8969625249.579529,99.88440150911578
8990000001,8990006000.997997,10386529.7386567,8979619471.25934,99.88446581973912
9000000001,9000006000.998001,10392304.845990613,8989613696.15201,99.88453002314844
9010000001,9010006000.998003,10398076.745821796,8999607924.252182,99.88459411964132
9020000001,9020006000.998005,10403845.443488672,9009602155.554516,99.88465810951413
9030000001,9030006000.998007,10409610.944314875,9019596390.053692,99.88472199306219
9040000001,9040006000.998009,10415373.253609302,9029590627.7444,99.88478577057958
9050000001,9050006000.99801,10421132.376666175,9039584868.621344,99.8848494423593
9060000001,9060006000.998013,10426888.318765096,9049579112.679247,99.88491300869319
9070000001,9070006000.998016,10432641.085171098,9059573359.912846,99.88497646987199
9080000001,9080006000.998018,10438390.681134712,9069567610.316883,99.88503982618528
9090000001,9090006000.99802,10444137.111892011,9079561863.886127,99.88510307792156
9100000001,9100006000.998022,10449880.382664675,9089556120.615358,99.88516622536822
9110000001,9110006000.998024,10455620.49866004,9099550380.499365,99.88522926881153
9120000001,9120006000.998026,10461357.465071157,9109544643.532955,99.88529220853664
9130000001,9130006000.998028,10467091.287076844,9119538909.71095,99.88535504482765
9140000001,9140006000.998032,10472821.969841748,9129533179.02819,99.88541777796756
9150000001,9150006000.998032,10478549.518516386,9139527451.479515,99.88548040823827
9160000001,9160006000.998035,10484273.93823721,9149521727.059797,99.88554293592061
9170000001,9170006000.998037,10489995.234126657,9159516005.76391,99.88560536129437
9180000001,9180006000.99804,10495713.411293203,9169510287.586746,99.88566768463821
9190000001,9190006000.998041,10501428.474831412,9179504572.52321,99.88572990622977
9200000001,9200006000.998043,10507140.429821998,9189498860.56822,99.8857920263456
9210000001,9210006000.998045,10512849.281331869,9199493151.716713,99.8858540452613
9220000001,9220006000.998049,10518555.034414185,9209487445.963634,99.88591596325126
9230000001,9230006000.99805,10524257.694108406,9219481743.303942,99.88597778058897
9240000001,9240006000.99805,10529957.265440349,9229476043.73261,99.88603949754683
9250000001,9250006000.998055,10535653.753422234,9239470347.244633,99.8861011143962
9260000001,9260006000.998056,10541347.163052738,9249464653.835003,99.88616263140739
9270000001,9270006000.998058,10547037.499317048,9259458963.498741,99.8862240488498
9280000001,9280006000.99806,10552724.767186908,9269453276.230873,99.88628536699166
9290000001,9290006000.998062,10558408.971620677,9279447592.026442,99.8863465861003
9300000001,9300006000.998064,10564090.117563367,9289441910.8805,99.88640770644203
9310000001,9310006000.998068,10569768.209946707,9299436232.78812,99.88646872828208
9320000001,9320006000.998068,10575443.253689181,9309430557.744379,99.88652965188481
9330000001,9330006000.99807,10581115.253696086,9319424885.744373,99.88659047751347
9340000001,9340006000.998074,10586784.21485958,9329419216.783215,99.88665120543041
9350000001,9350006000.998074,10592450.14205873,9339413550.856014,99.88671183589692
9360000001,9360006000.998077,10598113.040159555,9349407887.957918,99.88677236917339
9370000001,9370006000.99808,10603772.914015086,9359402228.084064,99.88683280551918
9380000001,9380006000.998081,10609429.768465409,9369396571.229616,99.8868931451927
9390000001,9390006000.998083,10615083.608337713,9379390917.389746,99.88695338845142
9400000001,9400006000.998085,10620734.438446335,9389385266.559639,99.8870135355518
9410000001,9410006000.998087,10626382.263592817,9399379618.734493,99.8870735867494
9420000001,9420006000.998089,10632027.088565944,9409373973.909523,99.88713354229881
9430000001,9430006000.99809,10637668.918141793,9419368332.079948,99.88719340245366
9440000001,9440006000.998093,10643307.75708379,9429362693.241009,99.88725316746665
9450000001,9450006000.998095,10648943.610142745,9439357057.38795,99.88731283758953
9460000001,9460006000.998096,10654576.4820569,9449351424.516039,99.88737241307317
9470000001,9470006000.9981,10660206.377551984,9459345794.620548,99.88743189416745
9480000001,9480006000.9981,10665833.30134125,9469340167.696758,99.88749128112136
9490000001,9490006000.998104,10671457.258125527,9479334543.739979,99.88755057418295
9500000001,9500006000.998106,10677078.252593262,9489328922.745512,99.88760977359938
9510000001,9510006000.998108,10682696.28942057,9499323304.708687,99.8876688796169
9520000001,9520006000.99811,10688311.373271272,9509317689.624838,99.88772789248083
9530000001,9530006000.998112,10693923.508796947,9519312077.489315,99.88778681243562
9540000001,9540006000.998114,10699532.700636977,9529306468.297476,99.88784563972477
9550000001,9550006000.998116,10705138.953418586,9539300862.044697,99.88790437459097
9560000001,9560006000.998117,10710742.271756893,9549295258.72636,99.88796301727594
9570000001,9570006000.99812,10716342.660254944,9559289658.337864,99.88802156802056
9580000001,9580006000.998121,10721940.123503769,9569284060.874617,99.88808002706483
9590000001,9590006000.998123,10727534.666082418,9579278466.33204,99.88813839464787
9600000001,9600006000.998125,10733126.292558007,9589272874.705566,99.88819667100789
9610000001,9610006000.998127,10738715.007485766,9599267285.99064,99.88825485638229
9620000001,9620006000.998129,10744300.81540907,9609261700.18272,99.88831295100758
9630000001,9630006000.99813,10749883.720859496,9619256117.277271,99.88837095511938
9640000001,9640006000.998133,10755463.728356859,9629250537.269775,99.88842886895253
9650000001,9650006000.998135,10761040.842409251,9639244960.155725,99.88848669274095
9660000001,9660006000.998137,10766615.067513095,9649239385.930624,99.88854442671776
9670000001,9670006000.998138,10772186.408153174,9659233814.589985,99.88860207111514
9680000001,9680006000.99814,10777754.868802685,9669228246.129337,99.88865962616458
9690000001,9690006000.998142,10783320.453923272,9679222680.544218,99.8887170920966
9700000001,9700006000.998144,10788883.16796507,9689217117.83018,99.88877446914101
9710000001,9710006000.998146,10794443.01536675,9699211557.982779,99.88883175752665
9720000001,9720006000.998148,10800000.000555556,9709206000.997593,99.88888895748164
9730000001,9730006000.99815,10805554.12794735,9719200446.870203,99.88894606923327
9740000001,9740006000.998152,10811105.401946649,9729194895.596205,99.88900309300796
9750000001,9750006000.998154,10816653.826946668,9739189347.171207,99.88906002903137
9760000001,9760006000.998156,10822199.407329362,9749183801.590826,99.88911687752832
9770000001,9770006000.998158,10827742.147465464,9759178258.850693,99.88917363872287
9780000001,9780006000.99816,10833282.051714523,9769172718.946445,99.88923031283818
9790000001,9790006000.998161,10838819.124424947,9779167181.873735,99.88928690009669
9800000001,9800006000.998163,10844353.36993405,9789161647.62823,99.88934340072007
9810000001,9810006000.998165,10849884.792568076,9799156116.205597,99.88939981492912
9820000001,9820006000.998167,10855413.39664225,9809150587.601524,99.88945614294391
9830000001,9830006000.998169,10860939.18646081,9819145061.811708,99.88951238498372
9840000001,9840006000.99817,10866462.166317057,9829139538.831854,99.88956854126701
9850000001,9850006000.998173,10871982.340493385,9839134018.657679,99.88962461201149
9860000001,9860006000.998175,10877499.713261316,9849128501.284914,99.88968059743412
9870000001,9870006000.998177,10883014.28888155,9859122986.709295,99.88973649775106
9880000001,9880006000.998178,10888526.071603999,9869117474.926575,99.88979231317771
9890000001,9890006000.99818,10894035.065667817,9879111965.932512,99.88984804392871
9900000001,9900006000.998182,10899541.275301453,9889106459.722881,99.88990369021793
9910000001,9910006000.998184,10905044.704722673,9899100956.29346,99.88995925225854
9920000001,9920006000.998186,10910545.358138612,9909095455.640047,99.89001473026285
9930000001,9930006000.998188,10916043.239745801,9919089957.758442,99.89007012444253
9940000001,9940006000.99819,10921538.353730211,9929084462.644459,99.89012543500844
9950000001,9950006000.998192,10927030.704267286,9939078970.293924,99.89018066217075
9960000001,9960006000.998192,10932520.29552198,9949073480.70267,99.8902358061388
9970000001,9970006000.998194,10938007.1316488,9959067993.866545,99.8902908671213
9980000001,9980006000.998196,10943491.216791833,9969062509.781404,99.89034584532618
9990000001,9990006000.998198,10948972.555084793,9979057028.443113,99.89040074096062
